Wavelength,OD,OD,OD,OD,OD,OD,OD,OD,OD,OD
nm,result_Lumilog_STINS_GaN_on_Sapphire,result_InN_InSaN_10nm_barrier_J130828_1_Messy_16,result_InN_InSaN_3nm_barrier_J140228_Messy_12,result_InN_InGaN_10nm_barrier_Sapphire_edge_J130828,result_InN_InGaN_3nm_barrier_Sapphire_edge_J140228,result_B120504_InGaN_T=1.04um,result_B111205_InN_center,result_B111205_InN(1.4um)_STINS_edge,result_B111205_InN(1.4um)_STINS_center,result_B111205_InN(1.4um)_Sapphire_edge
889.319,0.334941014,nan,3.346846348,nan,2.709956959,2.675666697,2.752971156,nan,2.758557452,2.626545802
891.409,0.329752486,nan,nan,nan,2.782620041,2.705315582,2.495902693,nan,4.06613793,2.467668518
893.498,0.330788154,nan,nan,nan,nan,nan,nan,nan,nan,nan
895.587,0.345174434,nan,nan,nan,nan,nan,2.86193255,nan,nan,nan
897.675,0.351345601,nan,4.029730006,nan,nan,nan,nan,nan,nan,nan
899.763,0.35723504,nan,nan,nan,2.798667414,nan,2.554841633,nan,4.127685253,nan
901.85,0.359089162,nan,3.432503657,nan,nan,nan,nan,nan,nan,nan
903.937,0.353604691,nan,nan,3.084630876,nan,nan,3.640512424,2.921933196,nan,nan
906.023,0.355932837,nan,nan,nan,nan,nan,nan,nan,nan,nan
908.109,0.347688876,nan,nan,3.111112379,4.085236017,nan,nan,nan,nan,nan
910.194,0.348938464,nan,nan,nan,nan,nan,nan,nan,nan,nan
912.278,0.336088963,2.787875399,nan,3.227208093,nan,nan,nan,nan,nan,nan
914.362,0.33482915,nan,2.447444694,nan,4.116447101,2.507174461,nan,nan,nan,3.017464079
916.445,0.32340573,nan,2.707878077,nan,2.172060569,2.063827526,2.307743566,nan,2.340033938,2.216085556
918.528,0.320082274,nan,2.376856336,2.490435992,2.258297932,2.093663206,2.545326381,3.311437558,2.379975935,2.353295616
920.61,0.310487236,2.053311407,nan,2.052613772,2.159728225,2.221679019,2.40934209,2.50029991,2.410727293,2.50658955
922.692,0.308572652,2.269386225,nan,2.259402004,nan,nan,nan,2.506864682,nan,nan
924.773,0.307957569,2.268864558,nan,2.267840565,nan,nan,nan,2.850051527,nan,nan
926.853,0.312518053,nan,3.536299284,nan,nan,nan,nan,3.4027192,nan,nan
928.933,0.319843767,nan,2.514848448,nan,nan,3.551667668,nan,nan,nan,nan
931.013,0.320745066,nan,2.480630927,nan,3.219591021,2.373371276,2.601713872,nan,2.811682329,3.205466378
933.091,0.329511818,nan,nan,2.852474242,2.443331679,2.355677593,2.452374168,3.794891989,2.51214013,2.551856515
935.17,0.331518776,2.529147359,nan,2.483679309,3.38361193,nan,nan,2.871319115,nan,nan
937.247,0.347369257,3.037663949,nan,2.294505905,2.782787203,2.99482097,nan,2.851409843,nan,2.743278661
939.325,0.352832213,nan,2.627513155,3.258673193,nan,nan,nan,3.28851235,nan,nan
941.401,0.367486905,3.780312583,3.360926821,2.538121388,2.603814606,2.376507982,2.958558623,2.833939725,2.912143253,2.749935716
943.477,0.371100318,3.429414199,2.954286943,nan,2.773366323,2.670177146,3.762917837,2.904358534,2.849588485,nan
945.553,0.381092328,2.435962132,4.406529994,2.540778771,2.531815853,2.488625706,nan,2.687920344,2.86801801,nan
947.628,0.382973872,4.608015877,2.658528168,3.085102389,2.795116713,2.641492772,3.784668227,3.278902874,3.328736272,nan
949.702,0.388497784,3.07415475,2.685548128,2.702105515,2.553701357,2.406074956,2.813648695,2.945143563,2.932294905,3.021588426
951.776,0.389208633,2.631193094,2.498383268,3.10685278,2.512073564,2.39564668,2.649462402,2.712407823,3.034590737,2.905282362
953.849,0.387519394,2.333723242,nan,2.4939595,2.291231931,2.263662276,2.475570836,2.620247811,2.585640158,2.665308458
955.922,0.386282293,2.45870868,nan,2.4431879,2.999879859,2.607519728,2.911012705,2.571737939,nan,nan
957.994,0.376893997,2.355054825,nan,2.359999664,nan,3.203811342,nan,2.72514716,nan,nan
960.066,0.37665257,nan,3.0646031,nan,nan,3.869596168,nan,2.99073648,nan,nan
962.137,0.365085557,nan,2.801876886,nan,2.970918548,2.627320199,nan,nan,3.042299274,nan
964.207,0.362586147,nan,2.989581963,nan,2.689980487,2.485178756,3.304583188,nan,3.475159095,3.699891305
966.277,0.347688058,2.658202794,nan,2.846011397,2.644782562,2.414679821,3.638770292,nan,nan,3.466640052
968.347,0.345378925,2.492942169,2.929973081,2.543645819,3.746536916,2.489829911,nan,nan,nan,nan
970.416,0.333948791,2.656827767,nan,2.636522967,2.652731468,2.374388412,2.912701706,nan,3.260671609,2.804479132
972.484,0.331428882,nan,2.98325312,3.209139716,2.988526545,2.457235487,2.784120501,nan,3.345753508,3.735139057
974.552,0.321195987,2.916942748,nan,2.479359376,2.78610603,2.362429094,2.65101022,nan,2.868053609,2.924980544
976.619,0.319239078,3.351551549,2.666991025,2.507268265,nan,2.485094326,3.457268374,nan,nan,nan
978.686,0.315757446,2.367630288,2.780960913,2.437493774,2.802086835,2.322437284,2.755883393,nan,3.700629194,2.721627446
980.752,0.316301379,3.125239507,2.265085778,3.006996235,2.983077147,2.47849626,3.222080579,nan,nan,3.281851919
982.818,0.317766971,2.726731997,2.85886662,2.55796864,2.40901022,2.275845376,2.498130383,nan,2.73252547,2.457874023
984.883,0.318858182,3.230187645,2.745093967,2.806232845,3.238144384,2.695732674,3.151707736,3.75449756,nan,nan
986.947,0.324826956,2.157831785,nan,2.316022692,2.884795095,2.495526452,2.943505634,2.939650963,nan,3.9258995
989.011,0.32763737,2.678918828,nan,3.020234623,nan,3.510743775,nan,3.226351152,nan,nan
991.075,0.337520639,2.537408612,3.266042814,2.582058797,3.515628025,2.486761888,nan,3.2708292,nan,nan
993.138,0.340907759,nan,2.426371807,nan,2.873666193,2.434178533,3.51818965,nan,nan,nan
995.2,0.350489279,2.944958345,2.534591908,2.779855799,2.400208669,2.24562675,2.847668955,3.356492661,2.956625443,2.664252767
997.262,0.352179862,2.634096116,2.824042323,2.697032792,2.475608305,2.389994977,3.004570731,3.169917745,3.600271387,2.896399002
999.323,0.359927091,2.327333904,3.540892488,2.302560416,2.566968883,2.378663379,2.98069979,3.132670989,nan,3.009153159
1001.384,0.362171419,2.502760551,2.959884346,2.402523451,3.257922533,2.491052293,nan,3.112199843,nan,nan
1003.444,0.367530544,2.641176374,3.007617539,2.407093168,2.917992185,2.384263942,4.012413397,3.245942259,nan,3.133235568
1005.504,0.369167185,4.84898714,2.728348782,2.613458693,4.222588635,2.495896068,nan,nan,nan,4.159905883
1007.563,0.370047816,2.68821328,3.033879308,2.451530238,2.673135408,2.378643687,nan,nan,nan,3.028345313
1009.622,0.369606642,2.748286177,2.898326722,2.516453207,3.221772353,2.471743874,nan,nan,nan,nan
1011.68,0.364799078,2.394437954,nan,2.36023502,2.8103362,2.414647855,4.238961054,nan,nan,4.507577489
1013.737,0.363627806,2.553953855,2.84917229,2.633000415,nan,2.550868416,nan,nan,nan,nan
1015.794,0.355536192,2.452804454,3.212842843,2.523219747,2.87107579,2.31650078,nan,nan,nan,3.620797938
1017.851,0.35456446,3.16401625,2.406807636,2.966964185,3.265096356,2.333490703,nan,nan,nan,4.516467862
1019.907,0.34213005,2.592402087,2.637215035,2.402952247,2.442320586,2.181650206,2.952532676,3.679793032,2.729678725,2.532216446
1021.962,0.339711888,2.715642544,2.44972617,2.564096779,2.600297529,2.295602282,3.585031935,3.28288071,3.65434857,2.888976094
1024.017,0.326420556,2.164237493,2.814747712,2.23436136,2.492917332,2.304693816,2.987426864,2.75851302,3.102439399,2.821493997
1026.071,0.325216988,2.29304791,2.630904335,2.368678089,2.834225541,2.392961232,3.538181967,3.087117494,nan,nan
1028.125,0.314068261,2.255018923,3.055868047,2.226746531,2.775485461,2.302319768,3.088491894,3.218216275,3.127667979,3.204009557
1030.179,0.311851092,2.508396022,2.719445825,2.35501862,3.287365433,2.283877106,nan,3.327875081,nan,3.64401132
1032.231,0.302541361,2.26138064,2.901867267,2.197683986,2.935781216,2.263516092,nan,2.911660511,nan,2.997915057
1034.284,0.301315148,2.362651546,2.505827951,2.246898604,3.153799727,2.311196374,nan,3.018789618,nan,nan
1036.335,0.297957999,2.228953875,2.60140119,2.162225717,2.62836224,2.22704485,3.160397166,3.341377034,4.79555572,3.155425531
1038.386,0.29865283,2.320311942,2.471756675,2.267321522,2.76760559,2.250223265,3.362604511,nan,nan,3.727817205
1040.437,0.29960097,2.18284164,2.631764889,2.168030424,2.556123392,2.18456378,2.964305144,3.080403395,nan,3.12574465
1042.487,0.300599761,2.199485956,2.422744408,2.199210197,2.751641018,2.236300637,3.190255276,2.824865797,nan,nan
1044.537,0.305697031,2.066911044,2.669820361,2.103133577,2.53075198,2.154343936,2.707702459,2.725518589,3.140274047,3.11554288
1046.586,0.30742038,2.118373269,2.572596403,2.12716085,2.834744343,2.214816632,3.055818664,2.84187252,nan,nan
1048.634,0.315780044,2.016647159,2.654801258,2.030599485,2.641480679,2.215880346,3.034053093,2.877865073,3.779636966,3.347642189
1050.682,0.318228082,2.11922528,2.400473049,2.105186727,2.704763148,2.217555259,3.538476851,3.150832613,nan,3.379599473
1052.73,0.330411089,2.066264611,2.428491628,2.057008425,2.474124869,2.14668163,2.816747113,3.072968501,3.716819058,2.823102879
1054.777,0.333294178,2.096337372,2.274922233,2.077008825,2.608671526,2.127029693,3.157635839,3.04471121,4.354916397,3.041386624
1056.823,0.345074186,1.971641862,2.401871414,1.976325148,2.432912518,2.068294191,2.843142405,2.830646133,3.321367732,2.688358604
1058.869,0.346994424,1.969460276,2.303809562,2.001450266,2.607978306,2.146993543,3.981380557,2.877795143,nan,3.220963067
1060.915,0.35657618,1.874796677,2.781380497,1.897874612,2.422509736,2.10669896,3.157032351,2.782976821,3.570758789,2.801173418
1062.96,0.358864527,1.923175201,2.409782911,1.924094283,2.973982709,2.260546689,nan,3.063447492,nan,nan
1065.004,0.365773069,1.865007963,2.512030871,1.852471701,2.521907661,2.122475753,3.622086343,2.925141663,3.460900692,3.609579227
1067.048,0.368367074,1.953559181,2.288783346,1.958961068,2.540152981,2.149012905,4.348667911,3.470289514,nan,nan
1069.091,0.371903263,1.859416911,2.538572858,1.866320158,2.3145987,2.072727936,3.005199705,2.945050998,3.129616995,2.763627769
1071.134,0.372630942,1.881838579,2.453653975,1.882637931,2.499990078,2.153017651,nan,3.329313985,nan,3.495888978
1073.176,0.372095256,1.786224193,2.449138426,1.805911291,2.498111217,2.133161577,3.914339315,3.364872642,nan,3.407117166
1075.218,0.372128015,1.84263989,2.26550311,1.854065289,2.475545423,2.125876948,3.69918778,nan,nan,3.380743491
1077.259,0.368287565,1.79537287,2.25370948,1.806124952,2.308613809,2.079853952,3.004197484,3.977593539,3.850782257,2.939071193
1079.3,0.367246891,1.784649472,2.256507739,1.785951443,2.261733042,2.047486444,3.01795588,3.326212076,3.170179818,2.961225429
1081.34,0.360690534,1.704928471,2.328325542,1.728041871,2.23734293,2.032168839,2.952548258,3.414974718,3.09025649,2.832195567
1083.38,0.35957277,1.702220982,2.290589363,1.715750059,2.295093697,2.012302644,2.891073142,3.088286469,3.105614241,2.791847424
1085.419,0.350874706,1.684949843,2.249239172,1.689108334,2.301075869,2.012695306,2.992678192,2.978877197,3.038001171,2.698891735
1087.458,0.348842335,1.684127834,2.222898879,1.68878836,2.329312333,2.010338262,3.050256954,2.840504289,3.190793245,2.775967423
1089.496,0.339259979,1.648068569,2.253105576,1.653707985,2.253405687,2.015004329,3.487556617,3.020967832,3.110014916,2.86698832
1091.533,0.33755803,1.646299761,2.228325559,1.645773803,2.260571627,2.030746244,4.064289821,3.069942277,3.21693783,2.991263748
1093.57,0.329577494,1.61744198,2.182645602,1.607614521,2.231779201,2.029287453,3.130761057,3.103411062,3.259700501,3.030093736
1095.607,0.328238129,1.625055188,2.12744548,1.608327488,2.235030469,2.020062901,2.936607536,3.092011867,3.148002729,2.862385887
1097.643,0.322131528,1.590449866,2.152529829,1.579459438,2.19049335,1.990341146,2.77906645,3.308586029,3.032709532,2.748755342
1099.679,0.320496748,1.586847132,2.107076168,1.568796183,2.189219485,1.977790167,3.012306728,2.933338117,3.056511483,2.785389116
1101.714,0.317198791,1.534185585,2.097296014,1.524387346,2.14479135,1.959679867,3.122784073,2.847765861,3.179626156,2.811378144
1103.748,0.317202804,1.529230284,2.044027011,1.510503313,2.12229043,1.957439156,3.404597188,2.822416996,3.166412235,2.845388601
1105.782,0.317497749,1.483484968,2.07634295,1.468018368,2.048266888,1.913062531,3.008949471,2.95045476,2.955244921,2.637859867
1107.816,0.317457932,1.48123498,2.038893741,1.463911189,2.069603036,1.903995725,3.084796429,2.978619215,3.110033732,2.665167747
1109.849,0.320686727,1.444114387,2.092899423,1.421613239,2.025825509,1.870998408,2.899830607,2.777719822,3.000467917,2.651409833
1111.881,0.322169544,1.446102227,2.007725819,1.424343077,2.114168122,1.915607114,4.873621672,2.854076663,4.015593747,2.997864981
1113.913,0.329521616,1.393906963,2.027332909,1.384732301,2.018087207,1.872895662,3.285283242,2.88976962,2.990944059,2.635795864
1115.945,0.331903973,1.402486585,1.989966665,1.39361058,2.04414905,1.893986404,3.651999091,3.413533756,3.547912504,2.719811407
1117.976,0.340372614,1.357718689,2.032456755,1.348009416,1.982166673,1.874754392,3.122227718,3.023482239,3.353595435,2.704292647
1120.006,0.342685578,1.356984722,2.010610271,1.348543782,2.021067908,1.915280208,3.372841734,2.997005035,nan,3.486494601
1122.036,0.353108385,1.314118225,1.990316957,1.319477523,1.993839181,1.897297624,3.473432309,2.893615814,nan,3.584439117
1124.066,0.356210987,1.323553215,1.929756174,1.325790994,1.981843021,1.884620001,3.209797187,3.224822718,4.996021378,3.165966979
1126.095,0.366654231,1.295347346,1.932788152,1.29828244,1.920299342,1.839235002,3.137266651,3.247031034,3.261719514,2.697284452
1128.123,0.368048248,1.2868774,1.880895317,1.288553196,1.912572873,1.83412698,3.245127749,3.127669117,3.88890825,2.72933384
1130.151,0.377050607,1.243734689,1.943228155,1.254608192,1.863053377,1.789764955,2.976061253,2.976783936,3.207118005,2.608953057
1132.179,0.378695656,1.243949626,1.892438252,1.249412108,1.915603516,1.822816308,3.412793555,3.196724866,nan,3.104913762
1134.206,0.386049199,1.215698671,1.921554385,1.21892738,1.876113203,1.798886307,3.109144309,3.290438507,4.531011365,2.915587412
1136.232,0.387768228,1.219283155,1.827389625,1.227563997,1.899335164,1.823807399,nan,3.802481079,nan,3.479372659
1138.258,0.392222024,1.187881754,1.836821434,1.197295334,1.804017591,1.77072123,3.039360143,3.127307598,3.238181009,2.695674233
1140.284,0.392514744,1.191222837,1.795408717,1.197615919,1.803121977,1.765424487,3.068459887,3.08336715,3.196305418,2.744978064
1142.308,0.392414164,1.154181102,1.823141249,1.156355232,1.754480011,1.741243065,3.004659937,2.856723837,3.134993706,2.65642721
1144.333,0.392055611,1.153277594,1.769695114,1.152657888,1.78322085,1.754854505,3.394461233,2.805096287,nan,2.917339978
1146.357,0.390062099,1.123296418,1.784382491,1.119354348,1.737071189,1.730705048,3.209981023,2.845690215,3.338975909,2.677108507
1148.38,0.38999653,1.121663669,1.718702867,1.118068955,1.753068428,1.732065167,3.888896507,3.027613952,3.780649002,2.75638276
1150.403,0.384342878,1.083543877,1.740503265,1.084661488,1.696374591,1.691846583,3.136926967,3.218677606,3.064064767,2.522433699
1152.426,0.383207499,1.08333009,1.680123832,1.083317164,1.716185001,1.704571873,3.729041934,3.204853281,5.01269518,2.73997833
1154.448,0.375392787,1.053795463,1.701055951,1.048572711,1.659022689,1.674603371,2.866456479,2.972060225,3.203532644,2.563502889
1156.469,0.374552265,1.054676642,1.634301602,1.048784691,1.676948641,1.693610099,3.09606513,2.913192357,3.694230077,2.824026894
1158.49,0.365035906,1.016052796,1.641545433,1.015434907,1.613344557,1.65411572,2.857288368,2.858070145,2.929511358,2.569546379
1160.511,0.363330966,1.019904954,1.583297016,1.016927446,1.627593859,1.656006343,3.218732402,2.916078827,3.312236488,2.77988685
1162.531,0.3527464,0.988624534,1.602878515,0.984427253,1.569614277,1.60670382,2.820426986,2.885871174,2.946950322,2.488798275
1164.55,0.35078513,0.988933904,1.556406565,0.982180995,1.58793014,1.618058764,3.025640649,2.919436119,3.559922019,2.614564273
1166.569,0.339859203,0.951929105,1.559768857,0.952510904,1.539902742,1.583224596,2.812385258,2.846420622,2.964550393,2.436681321
1168.588,0.338053038,0.954611846,1.506666243,0.95326699,1.548043611,1.595076393,3.105250276,2.870085454,3.029999324,2.554715639
1170.606,0.329066856,0.929967928,1.520505399,0.93114657,1.493805623,1.549463838,2.805385028,2.719890358,2.756918838,2.375781914
1172.623,0.327671106,0.928837575,1.488941142,0.93036053,1.49537692,1.556189146,3.152281882,2.742333289,2.960614067,2.451590857
1174.64,0.320277157,0.902270698,1.495222584,0.907092842,1.457462874,1.523454102,2.962077043,2.667027095,2.970492344,2.393939596
1176.657,0.319409078,0.902384326,1.446577257,0.906289027,1.464966986,1.534642943,3.509694305,2.808686609,3.440369098,2.529350879
1178.673,0.314652178,0.884527751,1.44725923,0.886507484,1.423422741,1.501037962,3.103714159,2.805865797,3.183146109,2.399192554
1180.688,0.314243938,0.884662583,1.412813546,0.886392765,1.42006766,1.500987175,3.360484209,2.99800995,3.858794762,2.469330978
1182.703,0.312039756,0.864791221,1.409889681,0.86513659,1.381639312,1.467622655,3.173252828,2.846902563,3.211999725,2.366185509
1184.718,0.312019814,0.863898585,1.381342594,0.863305761,1.377991511,1.463565104,3.059541546,2.825371007,3.366327153,2.379681759
1186.732,0.312902996,0.845293141,1.379078779,0.841678946,1.343880405,1.435508813,2.987529136,2.76389537,3.333997171,2.293571693
1188.745,0.313326339,0.843982331,1.354790114,0.837638031,1.334466715,1.429041847,2.862453512,2.797857282,3.155663708,2.271478149
1190.759,0.317092813,0.826809519,1.34700175,0.816335625,1.302588018,1.400757068,2.843012074,2.859729473,2.984391576,2.244550344
1192.771,0.317914402,0.823692992,1.324462902,0.81141341,1.293875452,1.395931939,2.792099467,2.827304601,2.915224863,2.243640659
1194.783,0.32356459,0.803282922,1.325250474,0.789607371,1.270687141,1.369921849,2.89835493,2.789824464,3.108830283,2.227654273
1196.795,0.324735984,0.79692956,1.297673628,0.784367254,1.270258158,1.36876279,3.069779748,2.762257402,3.686841374,2.256426796
1198.806,0.332277278,0.778119197,1.292001333,0.764709147,1.242877492,1.334529899,3.038210644,2.738719368,3.361903723,2.183031381
1200.817,0.334078171,0.77451576,1.270777266,0.762300556,1.235002114,1.326198291,3.038636256,2.7885638,3.166038459,2.184609863
1202.827,0.342523207,0.753117123,1.274053652,0.743361044,1.208061412,1.300304984,3.067433598,2.738241876,3.115821818,2.157851436
1204.837,0.343975945,0.748614846,1.249253668,0.739727254,1.207283805,1.303208886,3.58905459,2.755852713,3.421691806,2.208995564
1206.846,0.351875562,0.729358648,1.233614971,0.724988143,1.182183895,1.274383647,3.205573782,2.728997016,3.183297387,2.143616824
1208.855,0.353299603,0.725970742,1.20882742,0.723611419,1.171261523,1.262867649,2.852011629,2.697245614,2.858114228,2.078259192
1210.863,0.360273336,0.705621516,1.204443971,0.712573329,1.145710488,1.233598421,2.772384127,2.640054044,2.795799239,2.041881216
1212.871,0.361043266,0.69985133,1.182801645,0.708469108,1.141529048,1.229328695,2.895115415,2.61860227,2.825135534,2.057246606
1214.878,0.366904919,0.686594723,1.175308504,0.701597425,1.116513792,1.203027098,2.922858352,2.665033212,2.804196229,2.032522021
1216.885,0.367902961,0.684183976,1.150855435,0.701090164,1.112338666,1.197267634,2.910932481,2.661776076,2.785998292,2.018683987
1218.891,0.372426153,0.673234493,1.149932344,0.698565112,1.08635606,1.170954934,2.812652116,2.690077661,2.843047871,1.986809757
1220.897,0.372770805,0.670849637,1.132269324,0.698052633,1.086357445,1.168685054,2.946170929,2.616778003,3.049661884,2.012520076
1222.902,0.375053265,0.66431861,1.126737064,0.695916586,1.061742274,1.142736473,3.143357454,2.639575951,3.247953886,1.991346022
1224.907,0.375297259,0.664911766,1.102378486,0.697222009,1.054233359,1.136162767,2.990535979,2.593729928,3.144802909,1.966428727
1226.912,0.37555614,0.66382557,1.091317866,0.696389416,1.026079574,1.108495911,2.946927073,2.61164665,3.040640942,1.922184311
1228.916,0.374825767,0.663543341,1.070870257,0.695489034,1.018164012,1.101278861,2.710860781,2.659252024,2.917308441,1.898054856
1230.919,0.372425127,0.661631593,1.066785266,0.690465932,0.994468673,1.074616996,2.770299096,2.666431797,2.844536947,1.877442443
1232.922,0.371246398,0.659507564,1.047044454,0.687658993,0.988465026,1.068557834,2.707501212,2.616278445,2.810867794,1.870047022
1234.925,0.366973685,0.659778971,1.044730581,0.679406083,0.963100986,1.041226407,2.753723587,2.480522381,2.704656913,1.833389334
1236.927,0.365427094,0.658492513,1.026067696,0.676279199,0.959746007,1.037155264,2.757686231,2.4333672,2.792105308,1.830873558
1238.928,0.359058399,0.654006091,1.026699505,0.663371776,0.938497289,1.012505556,2.700664031,2.463417457,2.726661067,1.791037349
1240.929,0.357270722,0.653105389,1.006432012,0.660821091,0.938474072,1.009991869,2.733500969,2.527860954,2.842031594,1.797804187
1242.93,0.350208543,0.646497753,1.000938382,0.644310908,0.916623595,0.985493608,2.67990322,2.541269785,2.730006655,1.760423748
1244.93,0.348772464,0.645885866,0.979301277,0.642025549,0.912496848,0.979188406,2.764739532,2.496714362,2.75318853,1.760033847
1246.93,0.340570156,0.632349081,0.973678438,0.621813762,0.892862298,0.954704507,2.674276145,2.450167933,2.68129758,1.726177385
1248.929,0.338564268,0.629459917,0.955398696,0.617134355,0.890147665,0.949967116,2.69480778,2.454144164,2.734741824,1.720728872
1250.928,0.330157198,0.612774022,0.953746165,0.594678657,0.874044443,0.927275297,2.656993654,2.435178367,2.746967915,1.690739456
1252.926,0.32839894,0.608356704,0.935503878,0.590376617,0.871880531,0.92257107,2.754339376,2.443217291,2.826665149,1.684205163
1254.924,0.320429526,0.588113609,0.934171412,0.569510252,0.856825759,0.900333518,2.710979126,2.438347971,2.751584268,1.650075883
1256.921,0.319093033,0.585604493,0.912123391,0.566379204,0.855968815,0.897262882,2.782601391,2.423702691,2.928428554,1.6541145
1258.918,0.312278331,0.564484447,0.909464918,0.547196979,0.839447152,0.875053752,2.638239399,2.391612763,2.825802375,1.618359486
1260.914,0.31122051,0.560940817,0.888884361,0.544780016,0.837583535,0.871694604,2.67144189,2.388064368,2.888457948,1.61816452
1262.91,0.305521938,0.538228486,0.887144762,0.528018025,0.820090279,0.8494921,2.567382713,2.392034555,2.648600228,1.57843352
1264.906,0.305109723,0.534059627,0.867528307,0.525561891,0.816938106,0.846288228,2.631075446,2.400204409,2.645914992,1.578447858
1266.901,0.301628797,0.514745128,0.867827259,0.51341575,0.798123485,0.822250553,2.557530264,2.373525806,2.553094122,1.537630771
1268.895,0.301375296,0.511280976,0.85185044,0.512510941,0.797472186,0.819454416,2.692672231,2.367544643,2.709663451,1.541670761
1270.889,0.299759703,0.496057658,0.851762165,0.505655632,0.781138889,0.797279799,2.719803282,2.349265533,2.771166788,1.519582422
1272.883,0.300258244,0.495716182,0.834452307,0.506735196,0.78028094,0.795148733,2.850178739,2.335691044,2.979588793,1.531350181
1274.876,0.301467471,0.485872085,0.83079147,0.504600646,0.760294222,0.770956883,2.713286457,2.336597884,2.798622268,1.494165117
1276.869,0.302117733,0.485112568,0.817442894,0.505640973,0.755901155,0.765619088,2.642521239,2.343010465,2.694204415,1.480601658
1278.861,0.304923734,0.477737616,0.81599883,0.503804327,0.736297608,0.740198367,2.583633503,2.336013396,2.619837658,1.447611578
1280.853,0.305556964,0.476473632,0.80594073,0.503421219,0.733629988,0.735338946,2.576472814,2.327836362,2.589041675,1.44579183
1282.844,0.310646178,0.474844024,0.805591721,0.502581419,0.716111714,0.710830713,2.571088609,2.309550211,2.583386927,1.419404682
1284.835,0.312087175,0.475438347,0.797378821,0.503225269,0.713265874,0.706431354,2.621026777,2.309700203,2.603149613,1.416598354
1286.825,0.31836914,0.476359929,0.797766972,0.501446899,0.697437102,0.681826478,2.56790756,2.292197232,2.565873781,1.388337281
1288.815,0.319732425,0.477356333,0.792027532,0.501502337,0.695901222,0.67708901,2.614252951,2.299582438,2.62242848,1.386824336
1290.804,0.327030112,0.477536879,0.790753049,0.4967585,0.683822005,0.652484944,2.553155485,2.266005773,2.544591411,1.361359337
1292.793,0.329172449,0.478066981,0.785238986,0.496001278,0.681057218,0.646717299,2.539969061,2.254260518,2.540241899,1.355799808
1294.782,0.336971779,0.477158718,0.784676254,0.48825526,0.670634022,0.622076834,2.447311769,2.234899087,2.444074789,1.32521616
1296.77,0.338316739,0.476840368,0.78286854,0.485897979,0.669030771,0.617713398,2.433483432,2.24796156,2.487264151,1.321253189
1298.758,0.345619554,0.4728489,0.784634861,0.473876979,0.66421595,0.59532181,2.428193967,2.225162649,2.475345742,1.297867703
1300.745,0.347109892,0.471360373,0.782518707,0.470845349,0.665163195,0.591966066,2.483695756,2.227057882,2.546367103,1.299001164
1302.731,0.354356583,0.464766639,0.78147611,0.456826571,0.66376601,0.571728364,2.48518717,2.191168209,2.504513711,1.275743451
1304.718,0.356234169,0.464693111,0.777656102,0.454579642,0.663713597,0.568284752,2.492039846,2.191424417,2.519740067,1.273919665
1306.703,0.363033624,0.456629227,0.776625973,0.439976121,0.663410418,0.551389958,2.432049081,2.168794586,2.47537409,1.250254666
1308.689,0.36402722,0.454107658,0.77338595,0.437155538,0.662947667,0.548237842,2.392583072,2.177223525,2.482425209,1.24751123
1310.674,0.36896002,0.441343648,0.771486514,0.422588203,0.66476698,0.535418605,2.397683389,2.147964599,2.4787112,1.226792051
1312.658,0.369417373,0.438919011,0.762357898,0.419743461,0.664207962,0.532783717,2.40009005,2.129321599,2.465586947,1.22273937
1314.642,0.373391349,0.427165534,0.759062663,0.408626807,0.664434651,0.522685861,2.364022536,2.115293642,2.39282353,1.194771537
1316.625,0.373916416,0.4236298,0.750171614,0.406026059,0.663605847,0.520596371,2.335239627,2.127431347,2.355328447,1.18817509
1318.609,0.376047521,0.409794843,0.750973792,0.397505286,0.663553304,0.513990855,2.323619908,2.096257715,2.35101153,1.167545521
1320.591,0.37598209,0.406674044,0.739201633,0.395660141,0.665008538,0.514177916,2.373127879,2.091160468,2.437082157,1.172026769
1322.573,0.376263134,0.39663097,0.73845302,0.3924129,0.661519058,0.510135421,2.344876756,2.072645447,2.402566505,1.150315041
1324.555,0.376560374,0.39639826,0.725938566,0.392998819,0.662352687,0.510502816,2.389798413,2.102235546,2.431297487,1.150995465
1326.536,0.375437031,0.389672831,0.724844038,0.394400403,0.65617743,0.507732387,2.360060198,2.078883814,2.364311116,1.128874722
1328.517,0.375548879,0.38995932,0.711748617,0.39644312,0.655874173,0.507875528,2.372823698,2.085315111,2.407932681,1.129149163
1330.497,0.372834838,0.387687702,0.707515022,0.402142206,0.646093262,0.505867505,2.327819187,2.053811546,2.371442777,1.110369642
1332.477,0.37278423,0.388278195,0.6932883,0.404527825,0.642978699,0.505170771,2.301788491,2.046832074,2.355979142,1.105723789
1334.457,0.368665459,0.391887476,0.688963088,0.412843051,0.630482659,0.502122099,2.29311082,2.018260294,2.331833152,1.087633865
1336.436,0.367406186,0.392328678,0.676863008,0.413911073,0.627315719,0.500822122,2.2498014,2.015934041,2.27799776,1.082329573
1338.414,0.361649377,0.398987527,0.674834301,0.422786944,0.613373576,0.496392927,2.269301287,2.005103147,2.296415157,1.069157331
1340.392,0.360444287,0.400092169,0.663663688,0.424279694,0.61040461,0.495321137,2.256648533,1.992285689,2.288679347,1.065447735
1342.37,0.354374482,0.410241544,0.660745526,0.433758871,0.594492157,0.488157529,2.266690197,1.971688787,2.31736776,1.0489045
1344.347,0.353157368,0.412478974,0.651663176,0.435319039,0.59110511,0.486343954,2.246489745,1.956280625,2.270071656,1.042898005
1346.324,0.34627655,0.423349309,0.648957352,0.441753387,0.57472953,0.47653082,2.230835851,1.944630596,2.24007347,1.026787234
1348.3,0.344906068,0.424812399,0.642705085,0.442480217,0.570371228,0.473971467,2.20135835,1.943520464,2.212893566,1.022430625
1350.276,0.338249769,0.436050896,0.641808303,0.44638835,0.554801091,0.461041912,2.177697843,1.925942616,2.217998722,1.007445788
1352.252,0.336413649,0.43763897,0.6383862,0.44650973,0.552055898,0.45814192,2.168571335,1.912346816,2.231911279,1.005582766
1354.227,0.329532386,0.44698188,0.638980891,0.446681254,0.539191654,0.442816457,2.157266046,1.891763976,2.198809241,0.990462216
1356.201,0.328045779,0.449072083,0.638748456,0.44661477,0.537378526,0.43946476,2.15906439,1.89436445,2.176849003,0.988463787
1358.175,0.322303999,0.454733697,0.639679829,0.443231065,0.527745224,0.422157102,2.154991172,1.881544492,2.168181558,0.975052703
1360.149,0.321410654,0.455529421,0.640639553,0.442546933,0.526556961,0.418814564,2.160304378,1.876721003,2.188354921,0.974290887
1362.122,0.316728412,0.457930884,0.63754499,0.436320995,0.520033662,0.39993851,2.15757334,1.854069414,2.199551986,0.961504558
1364.095,0.316337678,0.45806308,0.638855112,0.435117638,0.516765054,0.394643373,2.11293291,1.853315833,2.141401465,0.954425449
1366.067,0.312768182,0.45699059,0.635946133,0.425955388,0.513143024,0.374504492,2.092234218,1.836725006,2.108356622,0.940832541
1368.039,0.311459817,0.454294524,0.639853223,0.421828039,0.510866943,0.369395178,2.04399294,1.828392591,2.052912763,0.93401238
1370.011,0.308959755,0.44956694,0.639849854,0.410578785,0.512006838,0.350597583,2.041481662,1.800767523,2.06660923,0.92433943
1371.982,0.308021023,0.445980837,0.644186935,0.406527725,0.511817464,0.346628254,2.0182468,1.790638872,2.057436878,0.92069003
1373.953,0.30759583,0.43877312,0.642833514,0.396326786,0.515666254,0.330240214,2.026489323,1.773162712,2.078099505,0.912201197
1375.923,0.307374632,0.436861389,0.642724704,0.394028347,0.5153964,0.326969227,2.008457147,1.770024833,2.053831407,0.907049293
1377.892,0.30885647,0.428099251,0.641033431,0.385448733,0.518329125,0.312057694,1.991454556,1.754082845,2.034146024,0.895666701
1379.862,0.308886437,0.424863064,0.640522464,0.382903174,0.517783592,0.308588996,1.968822505,1.748900718,2.004927791,0.890866072
1381.831,0.311031913,0.412515848,0.640349272,0.375184336,0.520968013,0.297040149,1.943251609,1.727979404,1.987414121,0.8801135
1383.799,0.31112973,0.409124669,0.637033532,0.373058961,0.521775283,0.295230251,1.92006109,1.723438887,1.976541906,0.877198413
1385.767,0.314909068,0.398545263,0.636357432,0.369219933,0.523374846,0.287493019,1.891751609,1.704636751,1.951079554,0.865017071
1387.735,0.315778109,0.396348037,0.630496212,0.368931366,0.523427825,0.286487878,1.887882721,1.699197959,1.942370647,0.862431125
1389.702,0.320566064,0.386722751,0.629205503,0.368689977,0.522728433,0.281976602,1.863666375,1.674308089,1.921479949,0.850442522
1391.668,0.321477623,0.385361642,0.621971206,0.369125229,0.522789262,0.281535244,1.851124899,1.667975558,1.925773552,0.849003661
1393.635,0.32695785,0.37794463,0.620635794,0.371871243,0.520015791,0.280510641,1.823652203,1.644903082,1.892434289,0.838278287
1395.6,0.328471008,0.377285484,0.612073262,0.37309217,0.519505792,0.280672731,1.828595193,1.636811681,1.884721605,0.836461757
1397.566,0.334900191,0.373861468,0.611069889,0.378989318,0.51325917,0.281885055,1.792114155,1.612568844,1.849550827,0.824724584
1399.531,0.336368664,0.373773084,0.603713145,0.380743644,0.512401686,0.282587002,1.785539849,1.612005196,1.845498523,0.823801517
1401.495,0.342083963,0.373778556,0.602423219,0.388841721,0.505767977,0.286313414,1.759799205,1.584572629,1.834373471,0.815257984
1403.46,0.34336841,0.374176213,0.594220097,0.391471511,0.504733209,0.28714849,1.765494482,1.578581341,1.838266505,0.814466064
1405.423,0.350039896,0.379254828,0.590457024,0.402122921,0.495705613,0.290856005,1.736274057,1.549871045,1.818718225,0.804970618
1407.386,0.351578077,0.381380154,0.583483034,0.404758484,0.492522682,0.291103812,1.713457286,1.546096971,1.788184981,0.800773775
1409.349,0.357944159,0.388493484,0.582279586,0.414619315,0.482141115,0.294319375,1.679101998,1.521323878,1.76068303,0.792223314
1411.312,0.358834118,0.388786907,0.577736808,0.415163902,0.480403962,0.295035785,1.67581079,1.518255876,1.755121373,0.791585206
1413.274,0.364776573,0.3976275,0.576362592,0.423536111,0.470328014,0.296835336,1.652399385,1.491228212,1.736643777,0.785324643
1415.235,0.366106709,0.399733393,0.572153896,0.425244465,0.468521055,0.297096881,1.648231925,1.484550973,1.729067782,0.784364556
1417.196,0.371228659,0.410301782,0.571026003,0.432271942,0.458500358,0.297086768,1.623885895,1.45656891,1.70637676,0.777142184
1419.157,0.372048537,0.411855985,0.569799783,0.432975363,0.456365367,0.297113784,1.621386618,1.452088182,1.704561109,0.775740621
1421.117,0.375884942,0.420656443,0.56804741,0.43647787,0.448095603,0.295647287,1.599086857,1.426552092,1.67693143,0.769767919
1423.077,0.376407235,0.422366078,0.567896843,0.436459198,0.445364782,0.294216175,1.579967819,1.422857961,1.655400755,0.765357517
1425.037,0.379760225,0.430363739,0.566837792,0.436998816,0.439864819,0.289910729,1.558522221,1.39712039,1.629894182,0.760405336
1426.996,0.379471188,0.430027408,0.569106017,0.435039284,0.438984473,0.288390491,1.54811209,1.389239074,1.617278078,0.758001384
1428.954,0.381624596,0.43484089,0.568816546,0.431984227,0.436154112,0.281780061,1.532900588,1.360814296,1.598062377,0.754956106
1430.912,0.381711192,0.435182857,0.571256191,0.430247147,0.4348074,0.279576856,1.520555295,1.352898451,1.584906921,0.752268817
1432.87,0.382407872,0.437990052,0.570849982,0.424253572,0.433663507,0.270499747,1.496032414,1.329679891,1.559771765,0.748288345
1434.828,0.382027083,0.436558128,0.574406464,0.421905528,0.433884268,0.268594908,1.487107157,1.323789688,1.550363845,0.746902274
1436.784,0.381330182,0.433801921,0.574614197,0.412148503,0.436849462,0.258888738,1.466963699,1.299137731,1.526595775,0.743532321
1438.741,0.381280932,0.432324549,0.576655936,0.409770451,0.437770729,0.2568229,1.460031986,1.293101434,1.518697707,0.74205289
1440.697,0.379414894,0.428316494,0.575935624,0.398491829,0.442334172,0.246247577,1.430548532,1.267456535,1.485059182,0.737526796
1442.653,0.378835845,0.427177111,0.577230842,0.395955197,0.442932832,0.243883327,1.416788388,1.262437616,1.468897838,0.735263259
1444.608,0.375654102,0.419372372,0.577577769,0.382804939,0.448940857,0.233319635,1.389983544,1.23237276,1.435133749,0.731503761
1446.563,0.374895069,0.416641739,0.578157282,0.379576357,0.449945511,0.231393457,1.381543681,1.225820831,1.42879628,0.731170546
1448.517,0.370573273,0.405459564,0.577790492,0.36547772,0.457199227,0.221746444,1.355518338,1.196829595,1.399023345,0.728684905
1450.471,0.369632743,0.402940591,0.576879501,0.361995527,0.458417909,0.219515277,1.346966098,1.191256801,1.389888187,0.728109263
1452.425,0.36485346,0.390551183,0.577189286,0.348599356,0.465390298,0.211386239,1.31537137,1.163828467,1.353916716,0.724846606
1454.378,0.363893698,0.387460927,0.576314699,0.346116164,0.467034981,0.210229352,1.309056197,1.156975283,1.346911352,0.724839816
1456.331,0.357907224,0.373166414,0.576941573,0.334653695,0.474458676,0.205615648,1.279200614,1.129001982,1.31701962,0.722884498
1458.283,0.356671268,0.371156758,0.572803543,0.332886709,0.476559322,0.205425645,1.275969192,1.122629232,1.314430227,0.723254711
1460.235,0.350522176,0.358648936,0.569853137,0.324341403,0.481096621,0.203357078,1.241545402,1.096045277,1.282553161,0.720164085
1462.186,0.349578589,0.356608606,0.563470344,0.323570762,0.48068583,0.20256468,1.230348096,1.091130274,1.271447027,0.718181772
1464.138,0.342659554,0.342884326,0.561550259,0.317073189,0.483031895,0.202836916,1.195765851,1.063011807,1.240058257,0.715537533
1466.088,0.34049277,0.339605941,0.556590698,0.315265699,0.483332531,0.202949037,1.188938671,1.05703412,1.233614279,0.714909451
1468.038,0.333846303,0.328575207,0.555552052,0.311844187,0.48494279,0.207410386,1.161152987,1.029941329,1.210183166,0.714355569
1469.988,0.332565809,0.326163822,0.549163383,0.311421915,0.485325033,0.208706497,1.157790308,1.02618773,1.205703636,0.714846966
1471.938,0.327155578,0.31876487,0.545788818,0.312175554,0.484580538,0.215476773,1.128342396,1.001155394,1.183515861,0.71410846
1473.887,0.326225689,0.318292429,0.5373558,0.312878636,0.483281829,0.216601339,1.117914778,0.996931095,1.175340594,0.711826531
1475.835,0.320255431,0.314854308,0.534262607,0.316724325,0.479368108,0.225009447,1.08588871,0.971513235,1.150264483,0.708713057
1477.784,0.318891456,0.312649932,0.527452621,0.31723966,0.477688044,0.226690403,1.078402057,0.967044925,1.142089796,0.707315497
1479.732,0.313474859,0.31070258,0.525553883,0.32183437,0.472622753,0.236782649,1.053508895,0.944831093,1.125222246,0.706610647
1481.679,0.312670674,0.310327839,0.519237583,0.322140176,0.471051351,0.238527703,1.049369678,0.942745961,1.121749283,0.70604023
1483.626,0.308098607,0.313832533,0.517656554,0.328881894,0.463908378,0.248748268,1.024027666,0.923420967,1.101714969,0.704430145
1485.573,0.307396595,0.313874347,0.512418995,0.330114064,0.462333036,0.250756156,1.018331972,0.920284476,1.093046807,0.703793091
1487.519,0.304038079,0.317628048,0.510454883,0.337192888,0.454406369,0.261231747,0.994412683,0.900764739,1.074385788,0.702674169
1489.465,0.303664199,0.318382973,0.506150123,0.338325382,0.451681646,0.262916287,0.988103734,0.896296891,1.068104253,0.700736683
1491.41,0.300617431,0.324657224,0.504860876,0.344633932,0.442403997,0.272287401,0.967790398,0.879633287,1.049865858,0.698295845
1493.355,0.299777606,0.324979207,0.502257933,0.344990879,0.439563659,0.273766842,0.962250446,0.876869916,1.043919782,0.69676887
1495.3,0.297652376,0.330708488,0.50228341,0.349686589,0.4316063,0.281691281,0.943688013,0.863279382,1.024409373,0.695250152
1497.244,0.297353248,0.331388725,0.502794591,0.350266312,0.430809343,0.283190134,0.939875765,0.861151332,1.021072423,0.695653788
1499.187,0.296270662,0.338137,0.503059881,0.353825047,0.424555819,0.290235796,0.924470971,0.847986426,1.001378462,0.69456045
1501.131,0.296280944,0.33982895,0.504207864,0.354519461,0.423066867,0.291877294,0.921034328,0.845398066,0.996147581,0.693699666
1503.074,0.297097365,0.347019235,0.50396423,0.356774152,0.416397558,0.296065878,0.902859319,0.83301752,0.972935571,0.690436246
1505.016,0.2976309,0.348599381,0.508344294,0.3566812,0.414547879,0.296297961,0.898527623,0.830886372,0.967428116,0.689506025
1506.959,0.299406383,0.352580233,0.509214449,0.355619887,0.410846087,0.298592842,0.882675485,0.819340105,0.946270559,0.688479838
1508.9,0.299488594,0.352335833,0.514532714,0.354697703,0.410422476,0.298788786,0.879136324,0.817055537,0.940946871,0.688567574
1510.842,0.302051101,0.355919343,0.514608943,0.352312423,0.409308627,0.299405926,0.861033815,0.804527553,0.916773916,0.686428187
1512.783,0.302795393,0.356355858,0.521950552,0.35167767,0.408928684,0.299005064,0.856132058,0.801692518,0.91061896,0.684989176
1514.723,0.306367804,0.357442312,0.522365502,0.346784853,0.409942558,0.297696444,0.838586431,0.788952143,0.887397444,0.684028108
1516.663,0.306957716,0.357108147,0.529116461,0.345283433,0.409740975,0.296766296,0.833980641,0.786959183,0.881183256,0.682886548
1518.603,0.311094273,0.356349722,0.528142563,0.339504369,0.412574785,0.292758605,0.813547669,0.77359441,0.856567754,0.679957358
1520.543,0.312272563,0.355564111,0.534619764,0.338010633,0.412345856,0.29077769,0.807247329,0.770693798,0.849261976,0.676909746
1522.482,0.317326868,0.351614246,0.535108694,0.330388646,0.416547763,0.284605611,0.785144853,0.755010585,0.825038029,0.673663694
1524.42,0.317836632,0.349094808,0.542137689,0.32756174,0.417005451,0.282847809,0.780197562,0.751570896,0.819435049,0.672735594
1526.358,0.322622156,0.343691288,0.544335079,0.318743845,0.423410429,0.276417009,0.758726642,0.735351493,0.798197484,0.670697446
1528.296,0.323406357,0.341852243,0.550220067,0.316500343,0.42567122,0.275231273,0.755133708,0.732498693,0.794739293,0.670599296
1530.234,0.329167877,0.336223733,0.550905461,0.309051536,0.43370604,0.268076801,0.731506743,0.714426231,0.774675996,0.668602263
1532.171,0.330442969,0.335417088,0.554168797,0.308302296,0.435490876,0.26665448,0.726380489,0.711284307,0.770825013,0.668359004
1534.107,0.336065081,0.327636934,0.554741975,0.302104518,0.442382682,0.258530698,0.702858009,0.691747484,0.752250115,0.665252318
1536.044,0.337052594,0.325906624,0.557402737,0.301111826,0.444050214,0.256561445,0.698725732,0.688181228,0.748957634,0.664447064
1537.979,0.34219904,0.31733354,0.557072031,0.295324709,0.450784648,0.248185053,0.676528813,0.666661659,0.732701718,0.661231116
1539.915,0.343341196,0.315647852,0.558811198,0.293847996,0.451467555,0.246218782,0.671764671,0.66248056,0.729412411,0.659988076
1541.85,0.348317536,0.307815486,0.558634642,0.289976131,0.457343275,0.238898372,0.652003983,0.640375604,0.715442946,0.657043015
1543.785,0.348924068,0.305958505,0.558597684,0.289202242,0.458119701,0.237097814,0.64778879,0.63572809,0.711988632,0.655860016
1545.719,0.35322225,0.299709115,0.556978495,0.288019075,0.463647838,0.231203227,0.631478508,0.61249835,0.70042338,0.653523417
1547.653,0.353610422,0.29814779,0.554179504,0.287738644,0.464063285,0.229734976,0.628349011,0.607958481,0.69763499,0.652242405
1549.586,0.357827466,0.293248417,0.552740865,0.289194418,0.467843925,0.225094855,0.61504713,0.586081525,0.687003942,0.64932963
1551.52,0.358559944,0.291720189,0.549517737,0.289150806,0.467739726,0.223489983,0.612570176,0.582087444,0.684077686,0.648193408
1553.452,0.361939092,0.288759559,0.54822404,0.292717017,0.469451057,0.220638068,0.602134439,0.560268543,0.673397976,0.645595418
1555.385,0.362008777,0.288172856,0.544419499,0.292925569,0.469117286,0.220255646,0.599904442,0.555893159,0.670302514,0.643992171
1557.317,0.364204354,0.288109005,0.542830898,0.299414113,0.4703297,0.220482613,0.592661339,0.535423272,0.660430912,0.642546871
1559.248,0.364203549,0.287683052,0.53642496,0.300721642,0.470226704,0.220814372,0.59161477,0.53109458,0.65841066,0.642397473
1561.179,0.366423357,0.290129426,0.533586774,0.309363519,0.468405577,0.222544348,0.586339979,0.513340155,0.647947508,0.639751878
1563.11,0.367174567,0.290925144,0.526617898,0.310914305,0.467085739,0.222714584,0.584433304,0.510873813,0.644710655,0.637205863
1565.041,0.368201044,0.295492254,0.525452144,0.319509982,0.463348744,0.226357516,0.579646883,0.495886111,0.632714116,0.633661772
1566.971,0.367807914,0.295290692,0.518117425,0.320377295,0.462601898,0.227403959,0.579648773,0.492596067,0.630295767,0.633790196
1568.9,0.367597692,0.30117677,0.514746732,0.329360905,0.457269551,0.233009276,0.575995161,0.479278503,0.616941131,0.631785604
1570.83,0.367927325,0.302962543,0.506586227,0.331403618,0.45524331,0.233983089,0.574535115,0.477484942,0.613093147,0.630551974
1572.759,0.367457488,0.310880059,0.50425654,0.34101525,0.447932656,0.240644049,0.568599792,0.467318152,0.597703435,0.627433482
1574.687,0.367087709,0.311552269,0.497515148,0.342253546,0.445645112,0.241865032,0.567151513,0.465356232,0.594231404,0.625795699
1576.615,0.365551729,0.319772289,0.496390656,0.350940471,0.437871726,0.250314447,0.561369129,0.457324033,0.580306257,0.624040388
1578.543,0.365140241,0.321381106,0.489475029,0.352278588,0.436282842,0.252375337,0.560121707,0.456088813,0.577795333,0.623981717
1580.47,0.362751362,0.331784635,0.487891931,0.360800614,0.426939336,0.261334732,0.55204488,0.451097282,0.563383095,0.622060124
1582.397,0.362034028,0.333471032,0.480780305,0.36227903,0.424457632,0.262818538,0.550063857,0.450665765,0.559800929,0.620767277
1584.324,0.358636116,0.34256835,0.479670549,0.368676763,0.414596182,0.27205936,0.54002909,0.447016664,0.54573558,0.618001306
1586.25,0.357792233,0.344194908,0.474401468,0.368992007,0.413125951,0.274345381,0.537471156,0.446458608,0.543237558,0.617629565
1588.176,0.354200956,0.353040398,0.473746167,0.373492772,0.403765867,0.284181403,0.526631235,0.443441493,0.531379429,0.615412665
1590.102,0.353801683,0.354586425,0.469711729,0.374401933,0.402191635,0.286829847,0.52493912,0.443651859,0.530033708,0.615003188
1592.027,0.34997107,0.361783729,0.468266391,0.378199759,0.392752661,0.295264244,0.512303453,0.441407141,0.520614186,0.612520572
1593.952,0.349476081,0.36357976,0.465345192,0.379121608,0.390070317,0.296169263,0.508770706,0.441145325,0.518324813,0.611617534
1595.876,0.344862743,0.369435211,0.464619984,0.38077523,0.380817458,0.302692275,0.494757561,0.438166306,0.512038384,0.609180649
1597.8,0.343654561,0.370001868,0.464001013,0.380392547,0.378653354,0.303928085,0.491873951,0.437380282,0.510911658,0.608645745
1599.724,0.338684463,0.373860364,0.463276592,0.379245698,0.371514886,0.311011721,0.479300013,0.434583374,0.508816697,0.607468061
1601.647,0.337361318,0.374089884,0.463554394,0.378203527,0.369881048,0.311961679,0.476938352,0.433901796,0.507715112,0.60688969
1603.57,0.332609071,0.377619248,0.463870207,0.376306451,0.3638615,0.317166098,0.466619688,0.430492527,0.508599088,0.605663099
1605.492,0.331221433,0.377629957,0.466524753,0.375288101,0.36269229,0.317851054,0.465073761,0.429988007,0.509473853,0.605411897
1607.414,0.32640902,0.378951186,0.465317894,0.370719324,0.359421996,0.322358737,0.45703286,0.424935326,0.514114116,0.605125766
1609.336,0.325638797,0.37865224,0.468967382,0.369533776,0.357905331,0.322170182,0.454325111,0.423712697,0.513675209,0.60273014
1611.258,0.320678464,0.379099011,0.468586583,0.364470098,0.356980293,0.325068599,0.449299805,0.416448795,0.52024653,0.603427546
1613.179,0.319440918,0.377218521,0.472821402,0.362531543,0.35595374,0.324846079,0.447987957,0.414737485,0.520917231,0.602345514
1615.099,0.314517142,0.375359226,0.471258622,0.356929699,0.355963729,0.325843412,0.447625147,0.407021889,0.529277325,0.60356644
1617.019,0.313586921,0.373835563,0.474160339,0.355195874,0.354077679,0.324576079,0.446660642,0.405556608,0.529063653,0.600755662
1618.939,0.308910272,0.371702542,0.475246283,0.349267434,0.354125074,0.322948463,0.448140841,0.397113413,0.53516354,0.599541217
1620.859,0.307376872,0.368339162,0.478827554,0.346090588,0.354894763,0.322998996,0.448705985,0.394742336,0.536758665,0.599889449
1622.778,0.30243741,0.361547547,0.480575825,0.33820565,0.356907844,0.320241408,0.454033583,0.384347481,0.542683143,0.6006038
1624.697,0.301994916,0.360386134,0.483225183,0.336846418,0.358192041,0.319916196,0.455597946,0.382415168,0.544628186,0.601966189
1626.615,0.29810318,0.353503394,0.48556217,0.329694218,0.359928641,0.314604359,0.461984954,0.373005919,0.547889438,0.600499184
1628.534,0.297513746,0.352180706,0.487582854,0.32893225,0.361364489,0.314165598,0.463927401,0.371499605,0.549591169,0.600944573
1630.451,0.29356514,0.343206071,0.486745315,0.321023003,0.363769092,0.307856177,0.472999068,0.360987472,0.551315796,0.600274911
1632.369,0.293425317,0.342834058,0.487660124,0.320407383,0.363486777,0.30618028,0.473715677,0.358231766,0.550553995,0.599492269
1634.286,0.290667442,0.334007215,0.48885736,0.31404322,0.365906596,0.298179674,0.482519724,0.349178691,0.549022528,0.598595045
1636.202,0.289750574,0.331727811,0.492602405,0.312775838,0.36742952,0.296930652,0.484820236,0.34748707,0.5493193,0.598826265
1638.119,0.287112627,0.321947311,0.49229803,0.306609015,0.373361851,0.289843175,0.495765521,0.339920317,0.548959512,0.60212602
1640.034,0.2871477,0.320532821,0.491857989,0.305970171,0.374476521,0.288050985,0.497013326,0.338802411,0.548143559,0.601742705
1641.95,0.28635076,0.314621809,0.489536865,0.303830046,0.377633031,0.278826413,0.503505781,0.333297723,0.541707159,0.601441384
1643.865,0.285793527,0.3132451,0.489487541,0.303586539,0.376567924,0.276132258,0.503311344,0.332520272,0.537742063,0.598581802
1645.78,0.284062616,0.306717516,0.489504373,0.302070288,0.379708453,0.266681214,0.508647429,0.328695827,0.529968149,0.600367186
1647.694,0.283338803,0.304125864,0.488823818,0.300641656,0.380171698,0.265234028,0.509887577,0.328264213,0.52867662,0.600883657
1649.609,0.28313187,0.298951524,0.487396466,0.302152125,0.382841552,0.256065071,0.513543426,0.326900183,0.518961094,0.602524089
1651.522,0.283698263,0.298385225,0.483874759,0.303023347,0.382259663,0.254158231,0.513686996,0.327047366,0.515836613,0.600746739
1653.436,0.284348837,0.29480239,0.485650683,0.306832571,0.382638833,0.244080711,0.512468635,0.327882655,0.502034342,0.599754522
1655.349,0.284009091,0.293414808,0.483381665,0.306553317,0.384853269,0.243493159,0.513334239,0.328633281,0.501209674,0.602132239
1657.261,0.28512071,0.290760386,0.484696199,0.309826347,0.386080157,0.235587996,0.511753437,0.332354281,0.488131301,0.604106301
1659.174,0.286646932,0.292568463,0.479649256,0.312554895,0.387053565,0.234718545,0.512881412,0.334663854,0.486380727,0.606227068
1661.086,0.289418389,0.294005369,0.478405332,0.318464869,0.384890661,0.225878451,0.506817039,0.341047784,0.470981999,0.604948019
1662.997,0.290500774,0.295640804,0.473805171,0.320918876,0.38455931,0.224192058,0.50455795,0.343099565,0.467730049,0.604159758
1664.909,0.292358032,0.295976449,0.471115122,0.325632446,0.383362163,0.217252806,0.495944985,0.350349605,0.454290468,0.605593992
1666.819,0.293035989,0.295510384,0.465897578,0.326810941,0.381429801,0.214977732,0.492418929,0.351933041,0.450291305,0.604110062
1668.73,0.295205834,0.297460974,0.463137014,0.333225038,0.377698185,0.208352991,0.481957667,0.360941884,0.437250523,0.605194779
1670.64,0.294934329,0.297029725,0.458630907,0.332564235,0.375653516,0.206377246,0.479050285,0.363025783,0.434203963,0.603758069
1672.55,0.297923359,0.301241312,0.457353845,0.33890464,0.371965313,0.202255273,0.468915454,0.373102542,0.423855106,0.605707083
1674.46,0.298527962,0.300577599,0.452696826,0.339007561,0.370616938,0.20172684,0.466101544,0.375198047,0.422312065,0.605374185
1676.369,0.302068704,0.303895161,0.45101271,0.345799041,0.36586171,0.19920721,0.453347437,0.385839664,0.414309502,0.605622049
1678.277,0.302404989,0.304432391,0.445874726,0.346610541,0.365600511,0.199238396,0.44997296,0.38780451,0.413581599,0.606245538
1680.186,0.304725623,0.310243709,0.445332616,0.352694925,0.361862433,0.198342565,0.438595421,0.397726976,0.408039707,0.607766148
1682.094,0.304758266,0.312338724,0.444730434,0.354295275,0.361318725,0.198730885,0.437213504,0.399543907,0.407671871,0.609455818
1684.002,0.307263281,0.317331433,0.445358721,0.359804551,0.358754467,0.201460372,0.427582332,0.411095283,0.405846584,0.613283176
1685.909,0.308692465,0.320709952,0.443823674,0.361007798,0.35859168,0.202834574,0.424860564,0.413979738,0.406173151,0.611929025
1687.816,0.312520975,0.329247684,0.440530589,0.368816978,0.355935789,0.20671778,0.414249819,0.424411687,0.406241431,0.611838811
1689.723,0.314016383,0.330236074,0.445208489,0.371181881,0.354938616,0.206809161,0.411229478,0.426032293,0.407508482,0.611201713
1691.629,0.317019004,0.335330976,0.448438874,0.376582933,0.357600699,0.215935215,0.408105088,0.435863478,0.416186771,0.624172428
1693.535,0.318491253,0.337173937,0.456287038,0.375892242,0.360849217,0.221674613,0.410337633,0.438108703,0.42191775,0.633138738
1695.441,0.32294429,0.353315029,0.453648363,0.385842972,0.364487392,0.234167317,0.40995167,0.448850288,0.433092921,0.644299414
1697.346,0.325388706,0.356979862,,0.391272299,0.362115067,0.235517054,0.406903321,0.45059927,0.432547032,0.637763366
1699.251,0.329869765,0.367798473,,0.402323627,,,,0.462705316,,
1701.156,0.328954169,0.367804089,,0.400286867,,,,0.46496188,,
